{
  "_meta": {
    "maxChars": {
      "fairyAddHealth": 115,
      "fairyEndStage": 85,
      "fairyGrabAsMany": 85,
      "fairyNextTask": 110,
      "fairyAnywayGoodluck": 70,
      "fairyBewareThough": 105,
      "fairyButThereObstacle": 130,
      "fairyCountResult": 125,
      "fairyEndingBlueOpening": 70,
      "fairyNextChamber": 115,
      "fairyRightShare": 50,
      "fairyRightTotalWeight": 60,
      "fairyThatWillLeave": 125,
      "fairyWantShare": 120,
      "fairyWantShare2": 100,
      "fairyWowAlot": 50,
      "fairyWrongShare": 140,
      "fairyWrongTotalWeight": 60,
      "fairyAfterWrongWeightShare": 120,
      "fairyCorrectThankYou": 120,
      "fairyCorrectWantShare": 140,
      "fairyCorrectWeight": 90,
      "fairyCorrectWeightCorrectShare": 60,
      "fairyCorrectWeightWrongShare":120,
      "fairyLetsStart": 150,
      "fairyMayIntroduce": 85,
      "fairyOpeningEndingRed": 85,
      "fairyWrongThankYou": 60,
      "fairyWrongWantShare": 165,
      "fairyWrongWeight": 90,
      "fairyWrongWeightShare1": 160,
      "fairyWrongWeightShare2": 150,
      "fairyYouMayGoNow": 50,
      "fairyYouMayHaveHeard": 170,
      "fairyAddNumerator": 50,
      "fairyFormulaStart": 70,
      "fairyMixedHasSimplified": 50,
      "fairyMultiplyDenominator": 70,
      "fairyMultiplyNumDenom": 95,
      "fairyNewFormula": 100,
      "fairyOpeningFormula": 65,
      "fairySimplifyMixed": 65,
      "fairySolveFormula": 90,
      "fairyAreaAnswer": 100,
      "fairyAreaFullFormula": 110,
      "fairyAreaFullQuestion": 90,
      "fairyAreaModelStart": 115,
      "fairyAreaMovingAnimation": 125,
      "fairyAreaSplittedQuestion": 100,
      "fairyFirstSplitted": 135,
      "fairyHalfPlusFourth": 95,
      "fairyOriginalQuestion": 80,
      "fairySecondSplitted": 105,
      "fairyTwoFourthPlusFourth": 115,
      "fairyWeightAnswer": 60,
      "fairyAnswerBlueWeightCorrect": 85,
      "fairyAnswerBlueWeightWrong": 100,
      "fairyBagFourthCircle": 135,
      "fairyResultWeight": 105,
      "fairySixHalfLbs": 110,
      "fairyStartFormulaWeight": 100,
      "fairyThreeLbs": 60,
      "fairyTwelveBags": 55,
      "fairyTwelveBagsRepresent": 90,
      "fairyAnswerShare": 80,
      "fairyBlueShareAnswer": 160,
      "fairyCircleIsFourth": 90,
      "fairyDivideCircle": 125,
      "fairyStartFormulaShare": 30,
      "fairyThreeLbsDividedThree": 60,
      "fairyThreeLbsRepresent": 130,
      "fairyThreeLbsTimesThird": 120,
      "fairyDefeatIntro": 60,
      "fairyDefeatIntro2": 130,
      "fairyDefeatReply1": 140,
      "fairyDefeatReply2": 140,
      "fairyDefeatReply3": 70,
      "fairyOpeningDefeat": 40,
      "fairyOpeningWin": 90,
      "fairyPrepareYourself": 20,
      "fairyStop": 25,
      "fairyWinIntro": 85,
      "fairyWinIntro2": 70,
      "fairyAdvice": 90,
      "fairyBackSoSoon": 45,
      "fairyEasyMode": 85,
      "fairyOffYouGo": 45
    }
  },
  "en": {
    "fairyAddHealth": "Before you go, I will give you a reward. I will make you have more health than before. So you can survive longer.",
    "fairyEndStage": "Now you are ready. Just enter the door behind me and you will be set. Good luck.",
    "fairyGrabAsMany": "Try to grab as many bags of jewels as you can in there, but beware of goblins.",
    "fairyNextTask": "Now, for your next task. In the chamber ahead of you, you will find riches and wealth, as well as dangers.",
    "fairyAnywayGoodluck": "Anyway, I'll add some more health for you. Thank you and goodluck.",
    "fairyBewareThough": "Beware, though! She is not as lenient as I am. You must really know what you're doing to get past her.",
    "fairyButThereObstacle": "But, there is one last quest that you must do. You must appease my sister, Zaimee, in the last chamber after the next one.",
    "fairyCountResult": "You have acquired twelve bags of fairy jewels. Each bag weighed a fourth of a pound. How many pounds do you have right now?",
    "fairyEndingBlueOpening": "So, you have returned. Well done! Let’s see how much you've got.",
    "fairyNextChamber": "Now the door is open. In the next chamber, you will have another chance to get more of these precious jewels.",
    "fairyRightShare": "So, based on that, you are correct. Awesome!",
    "fairyRightTotalWeight": "Way to go! You are correct. You are one smart kid.",
    "fairyThatWillLeave": "That will leave you with two pounds or eight bags of jewels. Wow, you are rich now. You can sell them for a lot of money.",
    "fairyWantShare": "But to pass this chamber, you must give some of them to me. These clothes and magic powers are expensive, you know?",
    "fairyWantShare2": "It's not much. I just need a third of what you have right now. So can you give it to me, please?",
    "fairyWowAlot": "Wow, that's a lot! And now they are all yours.",
    "fairyWrongShare": "So, that means you are incorrect. But since I'm an honest fairy, I'll just take my correct portion, which is one pound of fairy jewels.",
    "fairyWrongTotalWeight": "So I guess you are wrong then. You need to learn more.",
    "fairyAfterWrongWeightShare": "You know, you need to study your math more. There are plenty of people out there who will trick you like I did.",
    "fairyCorrectThankYou": "You should be glad that your math has helped you to finish this dungeon. Thank you for sharing your wealth with me.",
    "fairyCorrectWantShare": "Now, just like Zuma, I need a third of what you have right now. That means you should give me two and a half pounds of those fairy jewels.",
    "fairyCorrectWeight": "Amazing! That's the correct answer. I can see now how you managed to go this far.",
    "fairyCorrectWeightCorrectShare": "Wow. Your math skill is amazing! That is indeed correct.",
    "fairyCorrectWeightWrongShare": "Thank you. You're so kind to give me more than my share. You've given me a half instead of a third of the total jewels.",
    "fairyLetsStart": "Okay then, let's start. You now have twenty bags of fairy jewels. Like before, each weighed a fourth of a pound. So how many pounds do you have now?",
    "fairyMayIntroduce": "May I Introduce myself? I am Zaimee, the Gatekeeper of The Dungeon of Problems.",
    "fairyOpeningEndingRed": "Greetings. So, you're the one that Zuma mentioned. I thought you were bigger.",
    "fairyWrongThankYou": "Nevertheless, thank you! Thank you for being wrong.",
    "fairyWrongWantShare": "Right, like before, you need to give me some of them before I'll let you pass. I need a third of what you have right now. So, that should be five pounds, right?",
    "fairyWrongWeight": "Umm. Yes, thank you. That is indeed the total weight of what you have right now.",
    "fairyWrongWeightShare1": "Actually, you are wrong since the beginning. The total weight of the bags should be twenty over four pounds. So, you are actually giving me all of them.",
    "fairyWrongWeightShare2": "Actually, you are wrong since the beginning. The total weight of the bags should be twenty over four pounds. And you have given me half of it.",
    "fairyYouMayGoNow": "The door has been opened. You may go now.",
    "fairyYouMayHaveHeard": "You may have heard of me from my sister, Zuma. Unlike her, I'm not kind enough to guide you along your way. I just need you to pass my test with your own strength.",
    "fairyAddNumerator": "Now, we must add the result to the numerator.",
    "fairyFormulaStart": "Get ready! I'll teach you how to solve the equation from before.",
    "fairyMixedHasSimplified": "Now we have a new fraction number, three halves.",
    "fairyMultiplyDenominator": "We do it first by multiplying the whole number to the denominator.",
    "fairyMultiplyNumDenom": "We need to multiply numerator with numerator, and denominator with denominator like so.",
    "fairyNewFormula": "Now that we have simplified the mixed fraction, the equation is changed to three halves times a half",
    "fairyOpeningFormula": "Consider the equation one and a half times a half like so.",
    "fairySimplifyMixed": "First we need to simplify the mixed number one and a half.",
    "fairySolveFormula": "Congratulations! You've solved the equation. The correct answer is three fourths.",
    "fairyAreaAnswer": "Adding two fourths and one fourth together will give us our final answer which is three fourths.",
    "fairyAreaFullFormula": "So we can now see that area of one and a half times area of a half equals to area of a half plus a fourth.",
    "fairyAreaFullQuestion": "With those areas in mind, now we have an area representation of the question like so.",
    "fairyAreaModelStart": "But wait, there is another way to calculate mixed fraction multiplications by using Area Fraction Visual Model",
    "fairyAreaMovingAnimation": "Next, we will have to calculate the intersecting area between the two and the result is area of a half plus a fourth.",
    "fairyAreaSplittedQuestion": "Which is in fact the same with the intersection of area of one and a half and area of a half",
    "fairyFirstSplitted": "For the area of one and a half itself, we can represent it with an area of one square and a half square along the x axis like so.",
    "fairyHalfPlusFourth": "Now we can convert the equation from one and a half times a half to a half plus a fourth.",
    "fairyOriginalQuestion": "Now, let us go back to the original question of one and a half times a half.",
    "fairySecondSplitted": "While for the area of a half, we can represent it as an area of a half square along the y axis like so.",
    "fairyTwoFourthPlusFourth": "Next we have to make sure we have the same denominators to add them up. So now we get two fourths plus one fourth.",
    "fairyWeightAnswer": "Alright, let's see whether your answer is correct or not.",
    "fairyAnswerBlueWeightCorrect": "Way to go! You are indeed correct! You've got three pounds of expensive jewels!",
    "fairyAnswerBlueWeightWrong": "Too bad, your answer is wrong. But cheer up! At least you've got three pounds of jewels now.",
    "fairyBagFourthCircle": "We know that one bag weighed a fourth pound. With the fraction visual model we can represent it with a fourth of a circle like this.",
    "fairyResultWeight": "Now we know that twelve bags of jewels equal to three pounds. So the correct answer is three pounds.",
    "fairySixHalfLbs": "By doing some conversion, we now know that twelve times one fourth pounds is equal to six times a half pound.",
    "fairyStartFormulaWeight": "We will do it by using a fraction visual model where a full circle will represent one pound.",
    "fairyThreeLbs": "After we do another calculation, we now get three pounds.",
    "fairyTwelveBags": "So the question is, how much do twelve bags weigh?",
    "fairyTwelveBagsRepresent": "First we must represent twelve bags as twelve times a fourth of a circle like so.",
    "fairyAnswerShare": "Is that your final answer? Are you sure you have picked the correct answer?",
    "fairyBlueShareAnswer": "Since one bag of jewels equals to one fourth pound, we can replace those one fourth circles with bags. So, the answer is one pound or four bags of jewels.",
    "fairyCircleIsFourth": "As we know, one circle of one pound is the same with four times one fourth pound.",
    "fairyDivideCircle": "We can represent this by dividing the circles by three and give me one of them. So it equals to one circle of one pound.",
    "fairyStartFormulaShare": "Let's find out, shall we?",
    "fairyThreeLbsDividedThree": "It is also equals to three pounds divided by three.",
    "fairyThreeLbsRepresent": "We know that you have three pounds of jewels in your inventory. We can represent them in circles of one pound each like so.",
    "fairyThreeLbsTimesThird": "Next, I need you to give me one third of them. That means I need you to multiply three pounds of jewels by one third.",
    "fairyDefeatIntro": "That was unexpected. A mere boy defeated me.",
    "fairyDefeatIntro2": "My name is Zuma, the protector of this Dungeon of Problems. I underestimated you, mortal. To think that you could defeat me!",
    "fairyDefeatReply1": "I see. Now I understand why you can defeat me. But are you sure? Let us review the equation and see if your calculation is correct.",
    "fairyDefeatReply2": "Wow, you're a lucky boy. But that’s the wrong way to do it. I'll teach you the proper way so next time you can win without guessing.",
    "fairyDefeatReply3": "Let us review the equation and see if your calculation is correct.",
    "fairyOpeningDefeat": "Ouch. That hurts! I surrender!",
    "fairyOpeningWin": "Done already? That should teach you not to enter this dungeon without my permission.",
    "fairyPrepareYourself": "Prepare yourself!",
    "fairyStop":"Stop! Who goes there?",
    "fairyWinIntro": "My name is Zuma, the great protector and caretaker of this Dungeon of Problems.",
    "fairyWinIntro2": "I think you need more mathematical knowledge. Let me educate you.",
    "fairyAdvice": "You know, you should brush up on your math. You wouldn't survive the dungeon otherwise.",
    "fairyBackSoSoon": "Back so soon? Did you miss me, perhaps?",
    "fairyEasyMode": "But anyway, I'll activate the easy mode since it's apparently too hard for you.",
    "fairyOffYouGo": "Now off you go! See you soon. Or not."
  }
}
