{"companyName":"Zero Experience Studio","productName":"Dungeon of Problems","version":"0.1","unityVersion":"2018.4.3f1","sdkVersion":4,"webglSettings":{"memorySize":"128","exceptionSupport":"None","dataCaching":"True","emscriptenArgs":"","modulesDirectory":"","template":"PROJECT:lol-template","analyzeBuildSize":"False","useEmbeddedResources":"False","threadsSupport":"False","linkerTarget":"Both","compressionFormat":"Gzip","nameFilesAsHashes":"False","debugSymbols":"False"},"dir":["Assets/AnimatorController","Assets/Data","Assets/Data/ConvoSystem","Assets/Data/ConvoSystem/Dialogs","Assets/Data/ConvoSystem/Dialogs/AfterFormula","Assets/Data/ConvoSystem/Dialogs/EndingBlue","Assets/Data/ConvoSystem/Dialogs/EndingRed","Assets/Data/ConvoSystem/Dialogs/Formula","Assets/Data/ConvoSystem/Dialogs/FormulaArea","Assets/Data/ConvoSystem/Dialogs/FormulaEndingBlue","Assets/Data/ConvoSystem/Dialogs/FormulaShareBlue","Assets/Data/ConvoSystem/Dialogs/OpeningBattle","Assets/Data/ConvoSystem/Dialogs/Resurrection","Assets/Data/ConvoSystem/Dialogs/TestFormula","Assets/Data/FSM","Assets/Data/FSM/AdventureMap","Assets/Data/FSM/AdventureMap/States","Assets/Data/FSM/AdventureMap/Transitions","Assets/Data/FSM/ConvoSystem","Assets/Data/FSM/ConvoSystem/States","Assets/Data/FSM/ConvoSystem/States/AfterFormula","Assets/Data/FSM/ConvoSystem/States/EndingBlue","Assets/Data/FSM/ConvoSystem/States/EndingRed","Assets/Data/FSM/ConvoSystem/States/Formula","Assets/Data/FSM/ConvoSystem/States/FormulaArea","Assets/Data/FSM/ConvoSystem/States/FormulaEndingBlue","Assets/Data/FSM/ConvoSystem/States/FormulaEndingBlue/New Folder","Assets/Data/FSM/ConvoSystem/States/FormulaShareBlue","Assets/Data/FSM/ConvoSystem/States/OpeningBattle","Assets/Data/FSM/ConvoSystem/States/Resurrection","Assets/Data/FSM/ConvoSystem/States/TestFormula","Assets/Data/FSM/ConvoSystem/Transitions","Assets/Data/FSM/ConvoSystem/Transitions/AfterFormula","Assets/Data/FSM/ConvoSystem/Transitions/EndingBlue","Assets/Data/FSM/ConvoSystem/Transitions/EndingRed","Assets/Data/FSM/ConvoSystem/Transitions/Formula","Assets/Data/FSM/ConvoSystem/Transitions/FormulaArea","Assets/Data/FSM/ConvoSystem/Transitions/FormulaEndingBlue","Assets/Data/FSM/ConvoSystem/Transitions/FormulaShareBlue","Assets/Data/FSM/ConvoSystem/Transitions/OpeningBattle","Assets/Data/FSM/ConvoSystem/Transitions/Resurrection","Assets/Data/FSM/ConvoSystem/Transitions/TestFormula","Assets/Data/FSM/Formula","Assets/Data/FSM/Formula/States","Assets/Data/FSM/Formula/Transitions","Assets/Data/FSM/Game","Assets/Data/FSM/Game/States","Assets/Data/FSM/Game/Transitions","Assets/Data/Questions","Assets/Demo","Assets/Demo/Scenes","Assets/Demo/Scripts","Assets/Demo/Scripts/Buttons","Assets/Demo/Scripts/SceneManagers","Assets/Editor","Assets/Fonts","Assets/Plugins","Assets/Prefabs","Assets/Prefabs/AudioService","Assets/Prefabs/AudioService/AudioResourceManagers","Assets/Prefabs/AudioService/AudioSettings","Assets/Prefabs/HitEffects","Assets/Prefabs/UICanvases","Assets/Scenes","Assets/Scripts","Assets/Scripts/Adventure","Assets/Scripts/Battle","Assets/Scripts/ConvoSystem","Assets/Scripts/EasingAnimator","Assets/Scripts/Entities","Assets/Scripts/FSM","Assets/Scripts/FSM/AdventureMap","Assets/Scripts/FSM/AdventureMap/StateController","Assets/Scripts/FSM/AdventureMap/States","Assets/Scripts/FSM/AdventureMap/Transitions","Assets/Scripts/FSM/ConvoSystem","Assets/Scripts/FSM/ConvoSystem/StateControllers","Assets/Scripts/FSM/ConvoSystem/StateControllers/ConvoCallbacks","Assets/Scripts/FSM/ConvoSystem/States","Assets/Scripts/FSM/ConvoSystem/States/EndConvoDelegates","Assets/Scripts/FSM/ConvoSystem/Transitions","Assets/Scripts/FSM/Formula","Assets/Scripts/FSM/Formula/FormulaReset","Assets/Scripts/FSM/Formula/StateController","Assets/Scripts/FSM/Formula/States","Assets/Scripts/FSM/Formula/Transitions","Assets/Scripts/FSM/Game","Assets/Scripts/FSM/Game/Models","Assets/Scripts/FSM/Game/StateControllers","Assets/Scripts/FSM/Game/States","Assets/Scripts/FSM/Game/Transitions","Assets/Scripts/FSM/Opening","Assets/Scripts/LOL","Assets/Scripts/MainMenu","Assets/Scripts/Opening","Assets/Scripts/Test","Assets/Scripts/TexHelpers","Assets/Scripts/UI","Assets/Scripts/UI/Adventure","Assets/Scripts/UI/Battle","Assets/Scripts/UI/Common","Assets/Scripts/UI/ConvoSystem","Assets/Scripts/UI/Mainmenu","Assets/Scripts/Utils","Assets/Scripts/_AudioService","Assets/Scripts/_AudioService/_AudioResourceManagers","Assets/Scripts/_AudioService/_AudioResources","Assets/Scripts/_AudioService/_AudioSettings","Assets/Sprites","Assets/Sprites/Buttons","Assets/Sprites/SpriteBoy","Assets/Sprites/SpriteBoy/Down","Assets/Sprites/SpriteBoy/LeftRight","Assets/Sprites/SpriteBoy/Up","Assets/Sprites/SpriteFairyBlue","Assets/Sprites/SpriteFairyRed","Assets/Sprites/SpriteGoblin","Assets/Sprites/SpriteGoblin/Down","Assets/Sprites/SpriteGoblin/LeftRight","Assets/Sprites/SpriteGoblin/Up","Assets/Sprites/area formula","Assets/Sprites/area map","Assets/Sprites/doors","Assets/Sprites/fingerAnim","Assets/Sprites/formula","Assets/Sprites/formula images","Assets/Sprites/topOnScreenAnim","Assets/StreamingAssets","Assets/StreamingAssets/Music","Assets/StreamingAssets/Sfx","Assets/TEXDraw","Assets/TEXDraw/Core","Assets/TEXDraw/Core/Atom","Assets/TEXDraw/Core/Box","Assets/TEXDraw/Core/Editor","Assets/TEXDraw/Core/Internal","Assets/TEXDraw/Core/Parser","Assets/TEXDraw/Core/Renderer","Assets/TEXDraw/Fonts","Assets/TEXDraw/Fonts/Math","Assets/TEXDraw/Fonts/Sprites","Assets/TEXDraw/Fonts/User","Assets/TEXDraw/GuideAndExtras","Assets/TEXDraw/Resources","Assets/TEXDraw/Resources/TexFontMetaData","Assets/TEXDraw/Sample","Assets/TEXDraw/Sample/Materials","Assets/TEXDraw/Sample/Scenes","Assets/TEXDraw/Sample/Scripts","Assets/TEXDraw/Sample/Textures","Assets/TEXDraw/Script","Assets/TEXDraw/Script/Shaders","Assets/TEXDraw/Script/Supplements","Assets/Timer","Assets/WebGLTemplates","Assets/WebGLTemplates/lol-template","Library/PackageCache/com.unity.ads@2.0.8","Library/PackageCache/com.unity.analytics@3.2.2","Library/PackageCache/com.unity.collab-proxy@1.2.15","Library/PackageCache/com.unity.package-manager-ui@2.0.7","Library/PackageCache/com.unity.purchasing@2.0.3","Library/PackageCache/com.unity.textmeshpro@1.4.1"]}